{
  "Workflows": [
    {
      "Path": null,
      "SortBy": 0,
      "VariablesSectionElementsOrder": [],
      "ArgumentsSectionElementsOrder": [
        "io_dt_Final",
        "io_browser_sahibinden"
      ],
      "ConstantsSectionElementsOrder": [],
      "AddedNamespaces": null
    },
    {
      "Path": "Main.xaml",
      "SortBy": 0,
      "VariablesSectionElementsOrder": [
        "browser_sahibinden&Sequence_2",
        "dt_degerler&Sequence_2",
        "dt_Final&Sequence_2"
      ],
      "ArgumentsSectionElementsOrder": [],
      "ConstantsSectionElementsOrder": [],
      "AddedNamespaces": null
    },
    {
      "Path": "Read_Excel.xaml",
      "SortBy": 0,
      "VariablesSectionElementsOrder": [
        "StrSheetName&Sequence_3",
        "str_PathDegerler&Sequence_2",
        "str_WorkflowName&Sequence_1"
      ],
      "ArgumentsSectionElementsOrder": [
        "out_dt_degerler"
      ],
      "ConstantsSectionElementsOrder": [],
      "AddedNamespaces": null
    },
    {
      "Path": "Login_WF.xaml",
      "SortBy": 0,
      "VariablesSectionElementsOrder": [
        "str_WebUrl&Sequence_2",
        "str_WorkflowName&Sequence_1"
      ],
      "ArgumentsSectionElementsOrder": [
        "out_browser_sahibinden"
      ],
      "ConstantsSectionElementsOrder": [],
      "AddedNamespaces": null
    },
    {
      "Path": "Arama_Islemleri.xaml",
      "SortBy": 0,
      "VariablesSectionElementsOrder": [
        "str_ExcelPath&Sequence_2",
        "str_SqName&Sequence_2",
        "str_MaxDeger&Sequence_3",
        "str_MınDeger&Sequence_3",
        "str_ILCE&Sequence_3",
        "str_IL&Sequence_3",
        "str_WorkflowName&Sequence_1"
      ],
      "ArgumentsSectionElementsOrder": [
        "io_browser_sahibinden",
        "in_dt_Degerler",
        "in_dt_Final"
      ],
      "ConstantsSectionElementsOrder": [],
      "AddedNamespaces": null
    },
    {
      "Path": "Konut_Aramalari.xaml",
      "SortBy": 0,
      "VariablesSectionElementsOrder": [
        "str_WebUrl&Sequence_2",
        "str_WorkflowName&Sequence_1"
      ],
      "ArgumentsSectionElementsOrder": [
        "io_browser_sahibinden",
        "in_str_MAXTL",
        "in_str_MINTL",
        "in_str_ILCE",
        "in_str_IL"
      ],
      "ConstantsSectionElementsOrder": [],
      "AddedNamespaces": null
    },
    {
      "Path": "Konut_Verisi_Cekme_Islemleri.xaml",
      "SortBy": 0,
      "VariablesSectionElementsOrder": [
        "dt_CekilenKonutVerileri&Sequence_13",
        "dt_CekilenKonutVerileri&Sequence_12",
        "dt_CekilenKonutVerileri&Sequence_6",
        "str_WorkflowName&Sequence_1"
      ],
      "ArgumentsSectionElementsOrder": [
        "io_browser_sahibinden",
        "io_dt_Final"
      ],
      "ConstantsSectionElementsOrder": [],
      "AddedNamespaces": null
    },
    {
      "Path": "Workflow.xaml",
      "SortBy": 0,
      "VariablesSectionElementsOrder": [
        "dt_Deneme&Sequence_1"
      ],
      "ArgumentsSectionElementsOrder": [],
      "ConstantsSectionElementsOrder": [],
      "AddedNamespaces": null
    }
  ]
}